Data,Otwarcie,Najwyzszy,Najnizszy,Zamkniecie,Wolumen
2022-01-03,39.265,39.73,39.265,39.43,10082
2022-01-04,39.495,39.675,39.42,39.675,10785
2022-01-05,39.5,39.83,39.43,39.75,3657
2022-01-07,39.695,39.88,39.27,39.88,7773
2022-01-10,39.8,40.115,39.465,39.465,7338
2022-01-11,39.615,40.45,39.59,40.4,20476
2022-01-12,40.725,41.55,40.725,41.44,29572
2022-01-13,41.4,41.83,41.32,41.51,25038
2022-01-14,41.36,41.54,40.855,41.1,7717
2022-01-17,41.06,41.09,40.72,40.88,5634
2022-01-18,40.545,40.7,39.985,40.7,10794
2022-01-19,39.69,40.295,39.445,39.94,34899
2022-01-20,40.225,40.225,39.625,39.87,8220
2022-01-21,39.55,39.55,38.875,39.2,11089
2022-01-24,39.01,39.23,37.12,37.41,71422
2022-01-25,37.835,38.165,37.4,38.12,12439
2022-01-26,38.185,38.7,38.185,38.49,10728
2022-01-27,38.065,38.7,38,38.7,7029
2022-01-28,38.395,38.395,37.4,37.62,52943
2022-01-31,38.085,38.225,37.77,38.07,30462
2022-02-01,38.5,38.52,38.115,38.265,12998
2022-02-02,38.45,39,38.365,38.9,15721
2022-02-03,38.665,38.775,38.365,38.565,4999
2022-02-04,38.56,38.56,37.525,37.525,9488
2022-02-07,37.87,37.87,37.06,37.41,9833
2022-02-08,37.52,38.15,37.52,38.15,16362
2022-02-09,38.2,38.49,38.2,38.49,6636
2022-02-10,38.5,38.5,37.875,38.15,6505
2022-02-11,37.875,37.94,37.455,37.94,3355
2022-02-14,36.96,37.37,36.47,37.29,33848
2022-02-15,37.5,38.315,37.5,38.07,19184
2022-02-16,38.395,38.74,37.985,38.16,8532
2022-02-17,38.205,38.205,37.32,37.355,9325
2022-02-18,37.44,37.64,37,37,12580
2022-02-21,37.47,37.47,35.51,36,33430
2022-02-22,34.855,36.295,34.545,36.265,21918
2022-02-23,36.525,36.665,35.15,35.15,9077
2022-02-24,33.075,33.075,30.65,31.5,157197
2022-02-25,32.62,34.35,32,33.93,117119
2022-02-28,36,36,33,34.445,48697
2022-03-01,35.1,35.295,33.78,33.915,18188
2022-03-02,34,35.16,33.8,35.16,26803
2022-03-03,35.53,35.53,34.5,34.59,15102
2022-03-04,34.17,34.17,32.8,33.07,36555
2022-03-07,32.78,33.7,32.04,33.3,34677
2022-03-08,33.305,33.98,32.755,32.9,23628
2022-03-09,33.405,34.05,33.1,33.1,22855
2022-03-10,34.15,34.235,33.575,33.91,33700
2022-03-11,34.5,35.205,34.36,34.99,29605
2022-03-14,34.75,34.95,34,34,24378
2022-03-15,33.895,34.775,33.55,34.745,14959
2022-03-16,35.145,35.5,34.93,35.45,15513
2022-03-17,36,36.455,35.7,36.4,29983
2022-03-18,36.405,36.73,36,36,10346
2022-03-21,36.55,36.605,35.845,36.01,8335
2022-03-22,36.23,36.745,36.045,36.745,4417
2022-03-23,36.7,37,36.23,36.425,21069
2022-03-24,36.705,37,36.32,36.94,3724
2022-03-25,36.965,36.965,36.08,36.385,11810
2022-03-28,36.715,36.81,36.405,36.65,7402
2022-03-29,36.575,37.46,36.3,37.43,22685
2022-03-30,37.43,37.55,37.2,37.53,13798
2022-03-31,37.48,37.53,36.74,36.74,6085
2022-04-01,36.98,37.33,36.93,37.2,3891
2022-04-04,37.37,37.56,36.965,37.13,10101
2022-04-05,37.21,37.21,36.5,36.75,7816
2022-04-06,36.565,36.565,35.805,36.09,13271
2022-04-07,36.19,36.375,35.71,35.71,15878
2022-04-08,36.055,36.185,35.71,35.75,2286
2022-04-11,35.865,36.49,35.545,36.49,7005
2022-04-12,36.05,36.305,36,36.15,6086
2022-04-13,36.325,36.325,35.9,36.28,2441
2022-04-14,36.4,36.4,35.92,36,2380
2022-04-19,36.17,36.17,35.23,35.57,10133
2022-04-20,35.92,36.065,35.275,35.33,4205
2022-04-21,35.5,35.5,34.88,34.88,7838
2022-04-22,34.675,34.74,34,34.4,19600
2022-04-25,33.455,33.975,33,33.24,30453
2022-04-26,33.6,33.6,32.63,33,15370
2022-04-27,32.565,32.68,32.17,32.4,27147
2022-04-28,32.86,32.86,32.23,32.24,20995
2022-04-29,32.78,32.92,31.835,32.2,21147
2022-05-02,31.765,31.765,31.3,31.35,27909
2022-05-04,31.79,32,31.075,32,15535
2022-05-05,32.045,32.045,30.5,30.5,58751
2022-05-06,30.035,30.37,29.595,30.37,39450
2022-05-09,30.325,30.34,29.69,29.85,27498
2022-05-10,30,30.07,29.32,29.54,39387
2022-05-11,29.65,30.015,29.42,29.52,23899
2022-05-12,29.045,29.39,28.43,29.125,42982
2022-05-13,29.775,30.5,29.6,30.5,33422
2022-05-16,30.695,30.89,30.055,30.29,26140
2022-05-17,30.66,31.285,30.495,31.075,70716
2022-05-18,31.375,31.415,30.905,30.95,38314
2022-05-19,30.475,30.735,30.175,30.51,21638
2022-05-20,30.89,31.075,30.71,30.8,30640
2022-05-23,31.31,31.58,31.08,31.55,17807
2022-05-24,31.69,31.705,31.16,31.2,18474
2022-05-25,31.415,31.505,30.775,31,8666
2022-05-26,30.985,31.485,30.85,31.39,8869
2022-05-27,31.485,31.49,31.02,31.2,9113
2022-05-30,31.6,32.43,31.45,32.43,19270
2022-05-31,31.985,32.065,31.65,31.71,9540
2022-06-01,31.695,31.72,31.26,31.38,12035
2022-06-02,31.5,31.71,31.29,31.67,13164
2022-06-03,31.8,31.87,31.22,31.285,12346
2022-06-06,31.55,31.82,31.275,31.82,6032
2022-06-07,31.63,31.63,31.3,31.43,6405
2022-06-08,31.455,31.455,30.74,31.05,26920
2022-06-09,30.86,31.055,30.4,30.4,14713
2022-06-10,30.115,30.155,29.65,29.71,23417
2022-06-13,29.295,29.4,28.8,29,39433
2022-06-14,29.3,29.44,28.92,29.325,25469
2022-06-15,29.325,29.445,28.8,29.39,19866
2022-06-17,28.935,29.7,28.765,29.7,14926
2022-06-20,29.255,29.255,28.83,28.92,16142
2022-06-21,29.26,29.625,29.2,29.62,23887
2022-06-22,29.135,29.225,28.73,29.03,41628
2022-06-23,28.84,29.14,28.535,28.6,21150
2022-06-24,28.68,29.05,28.52,28.945,29895
2022-06-27,29.325,29.58,29.135,29.58,6464
2022-06-28,29.76,30.09,29.74,30,13830
2022-06-29,29.62,29.915,29.525,29.86,5959
2022-06-30,29.5,29.52,29.17,29.295,21579
2022-07-01,29.185,29.58,29.06,29.09,8446
2022-07-04,29.205,29.29,28.7,29.16,6904
2022-07-05,29.28,29.42,28.2,28.42,24736
2022-07-06,28.54,28.78,28.18,28.725,11385
2022-07-07,28.95,29.64,28.795,29.35,23395
2022-07-08,29.495,30.1,29.32,30.05,29116
2022-07-11,29.515,29.8,29.39,29.6,10973
2022-07-12,29.4,29.4,28.715,28.75,20234
2022-07-13,28.87,28.995,28.4,28.59,30311
2022-07-14,28.63,28.66,27.65,27.97,47298
2022-07-15,27.9,28.21,27.85,28.145,10766
2022-07-18,28.5,28.865,28.5,28.82,16122
2022-07-19,28.74,29.05,28.435,29.05,7743
2022-07-20,29.51,29.52,29,29.25,7719
2022-07-21,29.37,29.37,28.8,29,16380
2022-07-22,29.265,29.67,29.145,29.5,10498
2022-07-25,29.45,29.65,29.175,29.37,6604
2022-07-26,29.215,29.215,28.715,28.84,9845
2022-07-27,29.065,29.105,28.5,28.79,10155
2022-07-28,29.05,29.275,28.895,29.025,3931
2022-07-29,29.395,30,29.395,30,14308
2022-08-01,30,30.28,29.905,30.24,36483
2022-08-02,30.095,30.23,29.9,29.92,24611
2022-08-03,29.85,30.02,29.61,29.69,9440
2022-08-04,29.825,29.93,29.34,29.46,11984
2022-08-05,29.78,29.885,28.95,29.1,23242
2022-08-08,29.32,29.85,29.085,29.85,18295
2022-08-09,29.86,29.98,29.56,29.63,10588
2022-08-10,29.535,29.99,29.31,29.84,6585
2022-08-11,30.07,30.34,29.8,30.34,11225
2022-08-12,30.275,30.55,30.155,30.5,10924
2022-08-16,30.58,31,30.385,30.52,58792
2022-08-17,30.49,30.49,29.555,29.63,16686
2022-08-18,29.52,29.965,29.49,29.915,12477
2022-08-19,29.61,29.8,29.37,29.675,7080
2022-08-22,29.36,29.395,28.65,28.91,23714
2022-08-23,28.82,29.32,28.75,28.75,18785
2022-08-24,29,29.035,28.5,28.8,15945
2022-08-25,28.935,29.06,28.55,28.785,7839
2022-08-26,28.71,28.71,28.1,28.2,32417
2022-08-29,27.64,27.85,27.3,27.76,43939
2022-08-30,27.635,28.05,26.925,27.25,23227
2022-08-31,27.21,27.24,26.655,26.99,31424
2022-09-01,26.705,26.705,25.8,26.18,56296
2022-09-02,26.195,26.52,25.81,26.47,44411
2022-09-05,26.23,26.49,26.11,26.23,14984
2022-09-06,26.405,26.49,25.415,25.88,55832
2022-09-07,25.595,25.9,25.2,25.9,38431
2022-09-08,26.2,26.32,25.68,25.885,20891
2022-09-09,26.34,26.98,26.2,26.98,38925
2022-09-12,27.16,27.5,26.8,27.5,33809
2022-09-13,27.52,27.535,26.645,26.795,36111
2022-09-14,26.69,26.94,26.5,26.9,11542
2022-09-15,26.91,27.265,26.845,27.125,3774
2022-09-16,26.9,26.9,26.25,26.8,15713
2022-09-19,26.5,26.915,26.49,26.91,9311
2022-09-20,27.105,27.275,26.36,26.36,10402
2022-09-21,26.36,26.665,26.3,26.57,16989
2022-09-22,26.21,26.905,26.21,26.775,3296
2022-09-23,26.61,26.61,25.64,25.67,41676
2022-09-26,25.255,25.56,24.87,25.4,54199
2022-09-27,25.77,25.97,25.6,25.8,18871
2022-09-28,25.39,25.5,25,25.44,22255
2022-09-29,25.385,25.51,24.41,24.555,43771
2022-09-30,24.67,24.77,24.255,24.5,34810
2022-10-03,24.495,24.665,23.85,24.58,35250
2022-10-04,25.09,25.69,25,25.69,41200
2022-10-05,25.67,25.675,25.12,25.3,18531
2022-10-06,25.56,25.725,25.01,25.12,18368
2022-10-07,25,25.2,24.84,24.9,14126
2022-10-10,24.88,24.88,24.44,24.44,38249
2022-10-11,24.435,24.94,24.11,24.44,44282
2022-10-12,24.46,24.68,24.32,24.4,18645
2022-10-13,24.415,24.57,23.74,24.1,38519
2022-10-14,24.755,24.955,24.48,24.745,22726
2022-10-17,24.905,25.13,24.585,25.125,19309
2022-10-18,25.155,25.5,25.13,25.22,21157
2022-10-19,25.32,25.32,24.72,24.8,18292
2022-10-20,24.695,25.49,24.68,25.49,16446
2022-10-21,25.06,25.185,24.72,24.74,19472
2022-10-24,25.4,25.595,24.985,25.395,10932
2022-10-25,25.575,25.715,25.24,25.56,11075
2022-10-26,25.705,26.36,25.65,26.35,15777
2022-10-27,26.385,26.68,26.15,26.68,14164
2022-10-28,26.4,26.88,26.26,26.72,17305
2022-10-31,26.835,27.195,26,27.145,44655
2022-11-02,27.645,27.88,27.42,27.8,51199
2022-11-03,27.39,27.63,27.21,27.61,43997
2022-11-04,28,28.57,28,28.35,55204
2022-11-07,28.66,29.02,28.41,28.65,41102
2022-11-08,28.625,29.08,28.445,29,23678
2022-11-09,29.2,29.33,29,29.11,40037
2022-11-10,28.95,29.95,28.62,29.9,35853
2022-11-14,30.395,31.12,30.385,30.855,98479
2022-11-15,30.905,31.55,30.53,31.3,48542
2022-11-16,30.67,31.2,30.635,30.84,85640
2022-11-17,30.865,30.91,29.99,30.2,58764
2022-11-18,30.2,30.605,29.9,30.22,23767
2022-11-21,30.255,30.255,29.795,29.795,27844
2022-11-22,29.8,30.6,29.8,30.4,12633
2022-11-23,30.595,30.81,30.21,30.4,14672
2022-11-24,30.52,31.07,30.44,31.07,12703
2022-11-25,30.945,31.2,30.76,31.04,6857
2022-11-28,30.875,30.95,30.6,30.6,9909
2022-11-29,30.845,30.905,30.41,30.83,7725
2022-11-30,30.83,31.11,30.56,30.72,11547
2022-12-01,31.135,31.25,30.9,31.16,14021
2022-12-02,31.075,31.095,30.585,30.7,10871
2022-12-05,30.955,31.28,30.87,30.9,16044
2022-12-06,30.77,30.77,30.49,30.67,17580
2022-12-07,30.57,30.77,30.47,30.77,11802
2022-12-08,30.71,30.71,30.32,30.585,5992
2022-12-09,30.575,30.68,30.38,30.6,18103
2022-12-12,30.52,31.1,30.375,31.05,25396
2022-12-13,31.1,31.85,30.795,31.625,16861
2022-12-14,31.705,31.73,31.415,31.635,14082
2022-12-15,31.515,31.515,30.7,30.7,14140
2022-12-16,30.85,31,30.53,30.8,14322
2022-12-19,30.83,31.075,30.81,30.91,12953
2022-12-20,30.615,31.2,30.545,31.2,7516
2022-12-21,31.22,31.645,31.01,31.64,15440
2022-12-22,31.73,31.78,31.415,31.5,16775
2022-12-23,31.33,31.535,31.3,31.535,8516
2022-12-27,31.615,31.65,31.225,31.25,12556
2022-12-28,31.255,31.465,31.11,31.365,13850
2022-12-29,31.25,31.89,31.25,31.89,18250
2022-12-30,31.805,31.845,31.565,31.675,4491
2023-01-02,31.835,32.085,31.6,31.7,10952
2023-01-03,31.82,32.45,31.755,32.29,32112
2023-01-04,32.49,32.86,32.305,32.7,19475
2023-01-05,32.76,33.395,32.625,32.87,25435
2023-01-09,33.395,33.845,33.23,33.845,27950
2023-01-10,33.535,34.325,33.5,34.245,37489
2023-01-11,34.37,34.6,33.83,33.87,28623
2023-01-12,33.895,34.525,33.895,34.08,16745
2023-01-13,34.065,34.365,33.755,34.03,24870
2023-01-16,34.13,34.345,33.69,34.18,24604
2023-01-17,34.215,34.215,33.545,33.69,11495
2023-01-18,33.7,34.15,33.53,33.84,23234
2023-01-19,33.57,33.655,33.055,33.43,36163
2023-01-20,33.475,33.575,33.25,33.47,11400
2023-01-23,33.59,34.1,33.59,34.02,11440
2023-01-24,34.16,34.44,33.825,33.93,10951
2023-01-25,33.59,33.66,33.205,33.3,14711
2023-01-26,33.63,33.965,33.475,33.81,15450
2023-01-27,33.9,34.02,33.79,33.85,10294
2023-01-30,33.615,33.615,33.275,33.42,4819
2023-01-31,33.11,33.695,33.105,33.615,5854
2023-02-01,33.515,33.76,33.08,33.09,7850
2023-02-02,33.67,33.94,33.31,33.65,7399
2023-02-03,33.65,33.9,33.5,33.71,20622
2023-02-06,33.615,33.635,32.885,32.95,11928
2023-02-07,32.975,33.175,32.9,33.055,34774
2023-02-08,33.445,33.61,33.255,33.255,7422
2023-02-09,33.56,33.825,33.42,33.495,8387
2023-02-10,33.305,33.34,32.46,32.68,17476
2023-02-13,32.81,32.95,31,32.71,32688
2023-02-14,32.95,33,32.575,32.74,3574
2023-02-15,32.68,33.08,32.55,33.04,4211
2023-02-16,33.17,33.3,32.6,32.96,4267
2023-02-17,32.66,32.985,32.625,32.895,3269
2023-02-20,32.925,32.925,32.62,32.695,4834
2023-02-21,32.65,32.66,32.045,32.225,13582
2023-02-22,32.085,32.085,31.565,31.755,20973
2023-02-23,31.885,32.31,31.855,32.305,5373
2023-02-24,32.315,32.39,31.845,31.93,4034
2023-02-27,32,32.31,31.945,32.15,6263
2023-02-28,32.13,32.64,32.06,32.615,10498
2023-03-01,32.735,33.015,32.67,32.73,6964
2023-03-02,32.555,32.555,32.07,32.07,13135
2023-03-03,32.2,32.54,32.2,32.53,3938
2023-03-06,32.755,33.205,32.71,33.1,6512
2023-03-07,33.045,33.3,32.705,32.775,5640
2023-03-08,32.585,32.95,32.56,32.87,14100
2023-03-09,32.83,32.83,32.41,32.43,6989
2023-03-10,31.935,32.02,31.59,31.805,19737
2023-03-13,31.845,31.975,30.61,31.1,52296
2023-03-14,30.95,31.245,30.74,31.08,43023
2023-03-15,31.1,31.2,30.075,30.22,41034
2023-03-16,30.425,30.52,29.51,30.35,40944
2023-03-17,30.5,30.61,29.6,29.64,25468
2023-03-20,29.07,29.95,28.77,29.95,44778
2023-03-21,30.025,30.48,30,30.465,25298
2023-03-22,30.16,30.63,30.09,30.165,15218
2023-03-23,30.15,30.265,29.645,30.11,16378
2023-03-24,29.985,29.985,29.31,29.5,13110
2023-03-27,29.95,29.955,29.5,29.85,11425
2023-03-28,30.125,30.305,29.85,29.98,16777
2023-03-29,30,30.255,29.8,30.1,5992
2023-03-30,30.44,31.165,30.4,31.05,12348
2023-03-31,31.32,31.32,30.93,31.05,12283
2023-04-03,31.305,31.73,31.255,31.35,14285
2023-04-04,31.485,31.72,31.3,31.3,19205
2023-04-05,31.25,31.25,30.98,30.985,8409
2023-04-06,31.145,31.145,30.9,30.97,10650
2023-04-11,31.31,31.605,31.085,31.49,37846
2023-04-12,31.555,32.12,31.33,32.07,23692
2023-04-13,32.02,32.59,32,32.5,12337
2023-04-14,32.705,32.9,32.515,32.785,24370
2023-04-17,32.9,33.005,32.765,32.95,19025
2023-04-18,32.815,33.67,32.815,33.4,36348
2023-04-19,33.375,33.56,33,33.47,14323
2023-04-20,33.48,33.99,33.48,33.645,39152
2023-04-21,33.48,33.6,33.195,33.54,13855
2023-04-24,33.455,33.885,33.235,33.81,13070
2023-04-25,33.52,33.7,33.29,33.36,7921
2023-04-26,33.24,33.575,32.96,33.32,18677
2023-04-27,33.41,34.455,33.385,34.38,20431
2023-04-28,34.355,34.38,33.83,33.955,24700
2023-05-02,34.125,34.445,33.835,33.92,5864
2023-05-04,33.92,34,33.21,33.245,22805
2023-05-05,33.315,33.77,33.285,33.685,13884
2023-05-08,33.71,34.15,33.71,33.9,8428
2023-05-09,33.825,33.88,33.575,33.84,7942
2023-05-10,33.885,34.5,33.74,34.08,11698
2023-05-11,34.135,34.33,33.79,33.79,11959
2023-05-12,33.795,34.405,33.79,34.285,9301
2023-05-15,34.58,34.58,34.085,34.245,27705
2023-05-16,34.225,34.6,34.15,34.37,8711
2023-05-17,34.11,34.345,34.045,34.155,15134
2023-05-18,34.28,34.48,34.1,34.265,3823
2023-05-19,34.435,35.11,34.415,35.1,23815
2023-05-22,35.1,35.47,34.945,35.4,19912
2023-05-23,35.4,35.75,35.325,35.5,18419
2023-05-24,35.03,35.18,34.51,34.6,12083
2023-05-25,34.875,34.875,34.185,34.185,12871
2023-05-26,34.4,34.98,34.25,34.98,5615
2023-05-29,35.035,35.165,34.85,34.98,5841
2023-05-30,34.745,34.745,34.32,34.335,6375
2023-05-31,33.93,33.93,33.3,33.35,32446
2023-06-01,33.665,34.405,33.6,34.405,17821
2023-06-02,34.67,35.58,34.595,35.58,41683
2023-06-05,35.545,36.19,35.425,35.62,30888
2023-06-06,35.62,36.28,35.5,36.28,13046
2023-06-07,36.155,36.3,35.73,35.8,12032
2023-06-09,36.075,36.325,36,36.16,20735
2023-06-12,36.1,36.48,36,36.04,13520
2023-06-13,36.245,36.265,35.63,35.63,5828
2023-06-14,35.965,36.65,35.965,36.59,18353
2023-06-15,36.485,36.995,36.2,36.98,17502
2023-06-16,37,37.57,36.99,37.1,25726
2023-06-19,37.1,37.395,36.765,36.77,13993
2023-06-20,36.71,36.87,36.4,36.4,7889
2023-06-21,36.45,36.835,36.45,36.77,5373
2023-06-22,36.52,36.85,36.39,36.655,3991
2023-06-23,36.53,36.53,35.835,35.9,18547
2023-06-26,36.03,36.62,35.75,36.475,18532
2023-06-27,36.575,36.65,35.7,35.98,8002
2023-06-28,36.35,36.5,35.845,36.08,16543
2023-06-29,36.18,36.43,36.18,36.38,4202
2023-06-30,36.4,36.42,36.115,36.375,7971
2023-07-03,36.5,36.82,36.4,36.8,7859
2023-07-04,36.78,36.8,36.43,36.465,12164
2023-07-05,36.275,36.28,35.655,35.68,16043
2023-07-06,35.225,35.845,35.225,35.6,10199
2023-07-07,35.6,36.15,35.6,36.15,5289
2023-07-10,36.055,36.25,34.3,36.21,12428
2023-07-11,36.405,36.53,36.3,36.425,4913
2023-07-12,36.545,37.5,36.545,37.5,10047
2023-07-13,37.5,37.815,37.385,37.59,42068
2023-07-14,37.535,38,37.385,37.76,16849
2023-07-17,37.72,38.135,37.61,37.955,11534
2023-07-18,37.995,38.4,37.865,38.4,13293
2023-07-19,38.495,38.66,38.375,38.525,13378
2023-07-20,38.39,38.66,38.19,38.19,4664
2023-07-21,38.39,38.4,38.03,38.26,6253
2023-07-24,38.31,38.64,38.31,38.5,9627
2023-07-25,38.625,38.8,38.465,38.785,8441
2023-07-26,38.8,38.8,38.24,38.42,13126
2023-07-27,38.51,38.905,38.47,38.905,8529
2023-07-28,38.675,38.9,38.65,38.87,11118
2023-07-31,38.97,39.08,38.85,39.02,24783
2023-08-01,39,39,38.605,38.86,9950
2023-08-02,38.505,38.505,38.06,38.075,20941
2023-08-03,38.005,38.005,37.61,38,16504
2023-08-04,38.405,38.525,38.25,38.49,10861
2023-08-07,38.38,38.48,38.1,38.16,4990
2023-08-08,38.035,38.035,37.405,37.51,9105
2023-08-09,37.98,38.105,37.51,37.6,39150
2023-08-10,37.75,38.46,37.75,38.25,5735
2023-08-11,38.13,38.13,37.71,37.82,3220
2023-08-14,37.615,37.81,37.43,37.52,6414
2023-08-16,37.235,37.29,36.65,36.785,43953
2023-08-17,36.615,36.925,36.13,36.3,21118
2023-08-18,36,36.205,35.5,36.2,28166
2023-08-21,36.4,36.45,36.075,36.18,6939
2023-08-22,36.475,36.63,36.12,36.18,19801
2023-08-23,36.22,36.35,35.81,36.25,10328
2023-08-24,36.33,36.675,36.15,36.19,8051
2023-08-25,35.96,36.3,35.96,36,3363
2023-08-28,36.34,36.7,36.06,36.7,10634
2023-08-29,36.75,36.96,36.505,36.795,12162
2023-08-30,36.79,37,36.61,36.96,15867
2023-08-31,36.925,36.97,36.48,36.63,4483
2023-09-01,36.505,37.015,36.48,36.895,3721
2023-09-04,37.1,37.145,36.47,36.485,5232
2023-09-05,36.505,36.72,36.11,36.11,3261
2023-09-06,36.075,36.305,35.225,35.52,28685
2023-09-07,35.44,35.57,34.645,34.935,26191
2023-09-08,35.15,35.29,34.91,35.22,8667
2023-09-11,35.345,35.65,35.105,35.26,9187
2023-09-12,35.27,35.335,35.05,35.32,8629
2023-09-13,35.26,35.455,35.09,35.275,6921
2023-09-14,35.495,35.615,35.35,35.6,5262
2023-09-15,35.74,36.03,35.705,35.78,3126
2023-09-18,35.865,35.9,35.2,35.2,5404
2023-09-19,35.395,35.395,34.9,34.97,7822
2023-09-20,34.97,35.79,34.97,35.78,5982
2023-09-21,35.465,35.49,35.1,35.45,10100
2023-09-22,35.305,35.5,35.18,35.435,7238
2023-09-25,35.385,35.475,34.8,34.965,6131
2023-09-26,34.77,35.03,34.405,35.03,3748
2023-09-27,34.98,35.025,34.4,34.49,13586
2023-09-28,34.455,34.485,33.92,34.195,13462
2023-09-29,34.5,34.955,34.4,34.765,5284
2023-10-02,34.625,34.72,33.94,33.94,12896
2023-10-03,33.93,34.115,33.63,33.805,9521
2023-10-04,33.465,34.37,33.445,33.945,12048
2023-10-05,34.17,34.33,33.78,33.78,7943
2023-10-06,33.77,34.23,33.6,33.92,5759
2023-10-09,33.8,34.775,33.62,34.58,14419
2023-10-10,34.91,35.63,34.845,35.51,22070
2023-10-11,35.655,35.99,35.435,35.81,40243
2023-10-12,35.93,35.955,35.44,35.575,53237
2023-10-13,35.48,35.955,35.365,35.825,19957
2023-10-16,37.08,38,36.7,37.6,61267
2023-10-17,37.99,38.95,37.93,38.37,56423
2023-10-18,38.255,38.51,37.87,38.03,20254
2023-10-19,37.76,37.76,37.07,37.07,63601
2023-10-20,36.9,37.14,36.555,36.74,28765
2023-10-23,36.825,36.96,36.555,36.6,5286
2023-10-24,36.995,37.6,36.995,37.3,19235
2023-10-25,37.35,38.135,37.33,37.9,32583
2023-10-26,37.375,38.42,37.23,38.415,21982
2023-10-27,38.41,38.595,38.11,38.11,24301
2023-10-30,38.175,38.69,38.175,38.455,12529
2023-10-31,38.42,39.3,38.42,38.92,37668
2023-11-02,39.335,39.4,38.8,39.005,19257
2023-11-03,39.035,39.575,39.035,39.42,15569
2023-11-06,39.665,39.9,39.4,39.58,21066
2023-11-07,39.245,39.645,39.07,39.34,7639
2023-11-08,39.245,39.245,38.675,38.75,13905
2023-11-09,38.82,39.3,38.6,39.3,17402
2023-11-10,39.08,39.22,38.65,38.76,5947
2023-11-13,38.945,39.21,38.64,38.64,4879
2023-11-14,38.76,40.585,38.76,40.5,21893
2023-11-15,40.555,41,40.1,40.1,21835
2023-11-16,40.1,40.5,39.97,40.17,12530
2023-11-17,40.1,40.395,39.875,40.36,47692
2023-11-20,40.48,41.04,40.36,40.77,22412
2023-11-21,40.595,41.035,40.3,40.6,22431
2023-11-22,40.66,40.66,40.315,40.545,9738
2023-11-23,40.655,40.74,40.25,40.335,15348
2023-11-24,40.335,40.515,40.13,40.35,3587
2023-11-27,40.34,40.34,39.77,40.02,27466
2023-11-28,40.02,40.545,39.99,40.465,7627
2023-11-29,40.44,40.44,39.895,40.21,30937
2023-11-30,40.305,40.4,40.09,40.09,4814
2023-12-01,40.105,41.395,40.105,41.36,17389
2023-12-04,41.395,41.6,41.13,41.32,18391
2023-12-05,41.305,41.9,41,41,12471
2023-12-06,41.625,42.08,41.585,41.8,22572
2023-12-07,41.585,41.585,41.14,41.42,9243
2023-12-08,41.59,41.93,41.59,41.73,27641
2023-12-11,42,42.08,41.69,41.855,11330
2023-12-12,42,42.055,41.315,41.5,13467
2023-12-13,41.515,41.785,41.4,41.605,7010
2023-12-14,41.905,42.12,41.805,41.84,20689
2023-12-15,41.875,42.85,41.86,41.93,42234
2023-12-18,41.93,42.325,41.92,42.24,14604
2023-12-19,42.24,42.945,42.125,42.6,12438
2023-12-20,42.7,43.07,42.33,42.465,25401
2023-12-21,42.285,42.59,42.12,42.49,24937
2023-12-22,42.49,42.575,42.315,42.455,15578
2023-12-27,42.51,43,42.51,42.9,39007
2023-12-28,42.93,43,42.6,42.6,8835
2023-12-29,42.6,42.815,42.19,42.38,183520
2024-01-02,42.41,42.555,41.425,41.66,42946
2024-01-03,41.75,41.755,40.92,41.6,35391
2024-01-04,41.325,41.5,41.02,41.31,29485
2024-01-05,41.27,41.36,40.5,41.25,22639
2024-01-08,41.145,41.445,40.56,41.24,17936
2024-01-09,41.5,41.615,41.19,41.445,25712
2024-01-10,41.535,41.74,41.1,41.17,17716
2024-01-11,41.3,41.475,40.695,40.73,23839
2024-01-12,40.715,41.15,40.59,40.77,7415
2024-01-15,40.82,41.025,40.015,40.155,12128
2024-01-16,39.94,40.11,39.625,40.08,16947
2024-01-17,39.81,39.81,39.2,39.3,32259
2024-01-18,39.69,39.805,39.39,39.72,6627
2024-01-19,40.14,40.14,39.83,39.9,7131
2024-01-22,40.13,40.335,39.78,40,12616
2024-01-23,39.99,40.17,39.49,39.81,4409
2024-01-24,39.865,40.5,39.83,40.28,8798
2024-01-25,40.335,40.335,40,40.12,5978
2024-01-26,40.085,40.505,39.91,40.47,6683
2024-01-29,40.505,40.51,40.2,40.325,11314
2024-01-30,40.435,40.75,40.325,40.665,8664
2024-01-31,40.8,41.5,40.68,41.48,13350
2024-02-01,41.26,42.29,41.055,41.97,14701
2024-02-02,42.455,43.06,42.35,42.86,53153
2024-02-05,43.185,43.315,42.36,42.36,56941
2024-02-06,42.61,42.825,42.36,42.45,9023
2024-02-07,42.49,42.795,42.4,42.72,11849
2024-02-08,42.655,42.9,42.1,42.2,12506
2024-02-09,42.2,42.37,41.915,42.025,5711
2024-02-12,42.12,42.89,41.965,42.855,11722
2024-02-13,42.765,42.775,41.635,41.85,13681
2024-02-14,41.9,42.75,41.85,42.72,16956
2024-02-15,42.585,42.99,42.48,42.71,10215
2024-02-16,42.9,43.525,42.85,43.21,14643
2024-02-19,43.2,43.51,43.035,43.43,12114
2024-02-20,43.415,44.185,43.3,44.05,18625
2024-02-21,44.05,44.48,43.82,43.87,41653
2024-02-22,44.245,44.675,44.245,44.56,83381
2024-02-23,44.6,45.4,44.6,45,30322
2024-02-26,45.265,45.265,44.795,44.805,20287
2024-02-27,44.385,45.31,44.385,44.695,19133
2024-02-28,44.695,44.715,43.81,43.99,29501
2024-02-29,43.985,44.525,43.91,43.935,10666
2024-03-01,44.495,44.495,43.79,44.02,15499
2024-03-04,44.25,44.46,43.505,43.64,7386
2024-03-05,43.425,43.425,42.965,43.13,11657
2024-03-06,43.1,43.36,42.905,43.13,13691
2024-03-07,43.16,43.16,42.135,42.54,28807
2024-03-08,42.685,42.8,42.005,42.77,14257
2024-03-11,42.745,43.11,42.55,43.11,19337
2024-03-12,43.34,44.185,43.05,44.1,18113
2024-03-13,44.08,44.335,43.575,43.84,15896
2024-03-14,43.975,44.16,43.635,43.88,21069
2024-03-15,43.965,43.965,42.1,42.85,98167
2024-03-18,42.86,43.1,42.37,42.76,12144
2024-03-19,42.74,42.89,41.75,42.5,20494
2024-03-20,42.695,42.73,42.125,42.53,4301
2024-03-21,43.165,43.835,43.165,43.835,34284
2024-03-22,43.515,43.96,43.235,43.295,3476
2024-03-25,43.275,43.295,42.59,42.59,12855
2024-03-26,42.615,43.53,42.525,43.41,8200
2024-03-27,43.41,43.63,43.245,43.5,4313
2024-03-28,43.635,44.375,43.635,44.35,22282
2024-04-02,44.55,44.98,44.1,44.26,17835
2024-04-03,44.645,44.645,44,44.225,6171
2024-04-04,44.25,44.88,44.245,44.88,14390
2024-04-05,44.55,44.91,44.335,44.91,10538
2024-04-08,45.005,45.69,45.005,45.545,20693
2024-04-09,45.545,45.975,44.95,44.95,15022
2024-04-10,45.385,45.69,45.08,45.35,15191
2024-04-11,45.35,45.59,44.86,44.86,5728
2024-04-12,45.16,45.445,44.405,44.405,23662
2024-04-15,44.645,44.965,44.51,44.555,45782
2024-04-16,44,44.16,43.33,43.505,20364
2024-04-17,43.905,44.465,43.655,44.24,7393
2024-04-18,44.42,44.75,44,44.74,4003
2024-04-19,44.375,44.855,44.315,44.81,4173
2024-04-22,45.005,45.625,45.005,45.625,12275
2024-04-23,46,46.28,45.57,45.81,27721
2024-04-24,46.09,46.09,45.37,45.46,6629
2024-04-25,45.435,45.575,44.84,45,10480
2024-04-26,45.445,45.79,45.36,45.66,5354
2024-04-29,45.725,46.205,45.3,46.205,6239
2024-04-30,46.205,46.205,45.51,45.535,5221
2024-05-02,45.77,45.825,45.345,45.585,3460
2024-05-06,45.855,46.94,45.595,46.87,22345
2024-05-07,46.8,47.12,46.56,46.56,8244
2024-05-08,46.605,46.93,46.53,46.93,3993
2024-05-09,47.035,47.4,47.035,47.23,11756
2024-05-10,47.4,47.475,46.415,46.47,14892
2024-05-13,46.58,46.97,46.46,46.97,6845
2024-05-14,46.97,47.24,46.68,47.14,5512
2024-05-15,47.32,47.405,46.91,47.33,6291
2024-05-16,47.4,47.75,47.315,47.425,9661
2024-05-17,47.385,47.7,47,47.675,6552
2024-05-20,47.61,48.17,47.41,48.02,13938
2024-05-21,47.66,47.9,47.4,47.535,55289
2024-05-22,47.5,47.505,47.11,47.27,7814
2024-05-23,47.24,47.495,46.91,47.06,13145
2024-05-24,46.895,46.895,46.6,46.85,5039
2024-05-27,46.9,47.265,46.825,46.83,4117
2024-05-28,46.975,47.085,46.24,46.545,5397
2024-05-29,46.21,46.435,45.635,45.69,11993
2024-05-31,45.65,46.355,45.48,46.215,14361
2024-06-03,46.63,46.885,46.295,46.295,10375
2024-06-04,46.225,46.25,45.13,45.13,8728
2024-06-05,45.19,45.405,45.075,45.34,12785
2024-06-06,45.475,45.705,45.22,45.705,4204
2024-06-07,45.6,45.715,44.815,45.09,9106
2024-06-10,44.875,45.05,44.54,44.92,9071
2024-06-11,45.1,45.2,44.52,44.55,6579
2024-06-12,44.755,45.43,44.62,45.29,6563
2024-06-13,45.21,45.21,44.455,44.585,10509
2024-06-14,44.56,44.73,44.2,44.655,9807
2024-06-17,44.7,45.575,44.7,45.575,3266
2024-06-18,45.95,46.14,45.56,45.56,11535
2024-06-19,45.56,46.27,45.425,46.18,5839
2024-06-20,46.185,46.67,46.05,46.215,7378
2024-06-21,46.345,46.545,46.055,46.205,6080
2024-06-24,46.24,47.275,46.24,47.13,12531
2024-06-25,47.075,47.51,46.915,47.27,3894
2024-06-26,47.28,47.715,47.16,47.16,14793
2024-06-27,47.13,47.63,47.125,47.325,4153
2024-06-28,47.5,47.8,47.44,47.53,8102
2024-07-01,47.75,47.82,47.365,47.4,5495
2024-07-02,47.395,47.395,46.795,46.94,5690
2024-07-03,47.375,47.565,47.045,47.2,3626
2024-07-04,47.5,47.525,47.035,47.24,3123
2024-07-05,47.27,47.53,46.675,46.805,5926
2024-07-08,46.805,47.265,46.75,47.135,14703
2024-07-09,47.17,47.285,46.965,47.17,4850
2024-07-10,47.105,47.31,46.72,46.8,12566
2024-07-11,47,47.36,46.855,47.29,10906
2024-07-12,47.25,47.745,47.13,47.64,12596
2024-07-15,47.585,47.7,47.29,47.7,5266
2024-07-16,47.35,47.555,46.14,46.14,21793
2024-07-17,46.19,46.5,45.045,45.51,30779
2024-07-18,45.505,46.44,45.5,46.29,5612
2024-07-19,46.03,46.23,45.585,46.02,12850
2024-07-22,45.99,46.37,45.85,46.05,6465
2024-07-23,46.115,46.115,45.2,45.385,18978
2024-07-24,45.05,45.535,45,45.195,3751
2024-07-25,44.49,44.83,44.16,44.83,36757
2024-07-26,45,45.1,44.56,44.57,2734
2024-07-29,44.97,45.245,44.585,44.795,28727
2024-07-30,44.84,45.155,44.29,44.29,5623
2024-07-31,44.605,45.025,44.565,44.94,5798
2024-08-01,45.02,45.09,44.02,44.095,7881
2024-08-02,43.545,43.76,43.165,43.435,14293
2024-08-05,41.345,42.27,41.175,42.1,79162
2024-08-06,42.42,42.81,41.155,41.525,66124
2024-08-07,41.78,42.025,41.6,41.81,11247
2024-08-08,41.54,42.32,40.995,42.32,78181
2024-08-09,42.62,42.85,42.035,42.255,15431
2024-08-12,42.555,43.695,42.555,43.695,9954
2024-08-13,44.03,44.03,43.47,43.7,5044
2024-08-14,43.73,44.045,43.65,43.81,17514
2024-08-16,44.525,45.205,44.525,45.205,17899
2024-08-19,45.215,45.555,44.99,45.35,23670
2024-08-20,45.555,45.555,44.54,44.54,7108
2024-08-21,44.615,45.015,44.615,44.99,6169
2024-08-22,44.99,45.305,44.82,44.83,3513
2024-08-23,44.84,45.15,44.835,45.02,10754
2024-08-26,45,45.125,44.7,44.72,8189
2024-08-27,44.655,45,44.28,44.705,5334
2024-08-28,44.705,44.885,44.325,44.62,2661
2024-08-29,44.475,45.095,44.475,44.98,3476
2024-08-30,45.005,45.33,44.9,45.105,11342
2024-09-02,45.105,46.18,44.705,45.97,10191
2024-09-03,46.035,46.095,45.085,45.14,8217
2024-09-04,44.52,45,44.52,44.765,11285
2024-09-05,44.765,45.2,44.325,44.325,6816
2024-09-06,44.36,44.465,43.39,43.42,11251
2024-09-09,43.41,43.82,43.39,43.605,8070
2024-09-10,43.605,43.82,43.05,43.18,5490
2024-09-11,42.915,43.05,42.3,42.33,9293
2024-09-12,43,43.28,42.86,42.93,2536
2024-09-13,43.05,43.85,43.01,43.72,4310
2024-09-16,43.675,43.795,43.29,43.29,4992
2024-09-17,43.42,44.2,43.42,44.01,2115
2024-09-18,44.265,44.34,43.72,43.855,4450
2024-09-19,44.085,44.4,44.065,44.19,8283
2024-09-20,44.2,44.36,43.115,43.445,6808
2024-09-23,43.445,43.555,43.065,43.465,5145
2024-09-24,43.855,44.66,43.855,44.41,3874
2024-09-25,44.4,44.75,44.28,44.605,2285
2024-09-26,45,45.31,44.83,45,8995
2024-09-27,45.1,45.385,44.72,45.355,4360
2024-09-30,45.25,45.3,44.225,44.245,5730
2024-10-01,44.245,44.5,43.7,43.9,16186
2024-10-02,44.135,44.5,43.815,44.07,5783
2024-10-03,43.995,43.995,43.31,43.39,8093
2024-10-04,43.635,43.715,43.21,43.57,6986
2024-10-07,43.8,43.8,43.15,43.405,7017
2024-10-08,43.28,43.71,42.97,43.475,5204
2024-10-09,43.475,44.27,43.47,44.16,5191
2024-10-10,44.295,44.4,43.85,43.915,1248
2024-10-11,44,44.585,44,44.43,5445
2024-10-14,44.43,44.565,44.25,44.31,18137
2024-10-15,44.545,44.585,43.97,44.22,12480
2024-10-16,44.22,44.755,44.015,44.715,9966
2024-10-17,44.66,44.66,43.475,43.52,10032
2024-10-18,43.835,44.105,43.755,43.885,3494
2024-10-21,43.935,44.03,43.3,43.33,12675
2024-10-22,43.48,43.48,42.81,42.84,9613
2024-10-23,42.815,43.03,42.395,42.995,35672
2024-10-24,42.955,43.39,42.715,42.75,5020
2024-10-25,42.755,42.855,42.4,42.75,6747
2024-10-28,43.085,43.1,42.505,42.75,4450
2024-10-29,42.845,43.535,42.79,43.535,19949
2024-10-30,43.415,43.49,42.31,42.45,17783
2024-10-31,42.27,42.3,41.86,41.98,15798
2024-11-04,42.4,42.955,42.21,42.875,23975
2024-11-05,42.93,42.93,42.26,42.57,7417
2024-11-06,42.7,43.8,42.6,42.65,14713
2024-11-07,43,44.1,43,43.97,17594
2024-11-08,44.155,44.155,43.5,43.74,6474
2024-11-12,43.485,43.7,42.93,42.93,11101
2024-11-13,42.92,42.92,42.3,42.46,6151
2024-11-14,42.425,42.75,42,42.75,31605
2024-11-15,42.635,42.66,41.65,41.65,32024
2024-11-18,41.805,42.025,41.2,41.57,17058
2024-11-19,41.88,41.895,39.61,40.4,64553
2024-11-20,40.89,41.08,40.53,40.8,32925
2024-11-21,41,41.59,40.57,41.44,34674
2024-11-22,41.655,41.815,40.76,41.74,8249
2024-11-25,42.26,42.26,41.755,41.98,26689
2024-11-26,41.955,42.3,41.6,41.85,27388
2024-11-27,41.98,41.98,41.285,41.6,22410
2024-11-28,41.82,42.025,41.415,41.65,7993
2024-11-29,41.65,41.89,41.5,41.68,6390
2024-12-02,42.255,42.8,41.835,42.75,23553
2024-12-03,42.965,42.965,42.4,42.595,7635
2024-12-04,42.635,43.385,42.635,43.16,18454
2024-12-05,43.45,44,43.205,43.98,8245
2024-12-06,43.98,44.28,43.8,43.94,15249
2024-12-09,43.99,44.28,43.765,44.05,15450
2024-12-10,44.05,44.145,43.515,44.04,21381
2024-12-11,43.985,43.985,43.62,43.665,16161
2024-12-12,43.51,43.835,43.07,43.365,8635
2024-12-13,43.365,43.5,43.115,43.24,10143
2024-12-16,43.455,43.455,42.92,43.16,11331
2024-12-17,43.19,43.19,42.07,42.07,26948
2024-12-18,42.275,42.545,42.065,42.385,25716
2024-12-19,41.91,42.41,41.71,42.32,43352
2024-12-20,42.185,42.185,41.5,41.85,60135
2024-12-23,42.225,42.44,41.865,41.88,54668
2024-12-27,41.785,41.93,41.65,41.92,13657
2024-12-30,41.92,42.06,41.55,41.68,17869
2025-01-02,42.205,42.455,41.87,42.34,19855
2025-01-03,42.355,42.825,42.3,42.45,13401
2025-01-07,43.06,43.315,42.79,42.88,18520
2025-01-08,42.62,42.945,42.11,42.365,6952
2025-01-09,42.365,42.73,42.2,42.73,11050
2025-01-10,42.73,43.09,42.595,42.91,15868
2025-01-13,42.945,42.945,42.05,42.22,35100
2025-01-14,42.465,42.8,42.27,42.49,11990
2025-01-15,42.645,43.495,42.52,43.44,17685
2025-01-16,43.6,43.6,43.15,43.31,17290
2025-01-17,43.385,44,43.385,43.86,12514
2025-01-20,44.18,44.4,43.8,44.2,21569
2025-01-21,44.32,44.32,44,44.32,18233
2025-01-22,44.5,45.12,44.45,44.95,15228
2025-01-23,44.665,45.06,44.605,44.945,16135
2025-01-24,45.18,45.36,44.975,45.18,21380
2025-01-27,45,45.2,44.53,45.2,18845
2025-01-28,45.395,45.675,45.3,45.64,7665
2025-01-29,45.84,45.91,45.55,45.59,20727
2025-01-30,45.8,46.45,45.8,46.45,14758
2025-01-31,46.42,46.5,46.135,46.25,8885
2025-02-03,46.07,46.09,45.125,45.475,18737
2025-02-04,45.675,45.9,45.265,45.89,5219
2025-02-05,45.95,46.155,45.215,45.555,8927
2025-02-06,46.035,46.75,45.78,46.75,18903
2025-02-07,47,47.485,46.805,47.28,23613
2025-02-10,47.35,47.8,47.185,47.65,18906
2025-02-11,47.63,48.25,47.5,48.17,15200
2025-02-12,48.57,48.985,47,48.81,54644
2025-02-13,49.215,49.725,48.98,49.265,39640
2025-02-14,49.375,49.495,48.735,48.985,28405
2025-02-17,48.87,49.575,48.675,49.34,36592
2025-02-18,49.745,50.84,49.625,50.8,50573
2025-02-19,50.97,51.23,49.755,50.06,31365
2025-02-20,49.935,50.03,49.545,49.61,23347
2025-02-21,49.835,50.16,49.67,49.74,20270
2025-02-24,49.475,49.475,48.43,48.6,19977
2025-02-25,48.63,49.24,48.385,48.86,17211
2025-02-26,49.47,49.8,49.29,49.78,15418
2025-02-27,49.595,50,48.32,49.25,18160
2025-02-28,48.8,49.2,48.56,49,15510
2025-03-03,48.93,49.575,48.375,49.42,20781
2025-03-04,48.64,48.665,47.48,47.48,28280
2025-03-05,48.81,49.285,48.615,49.23,17148
2025-03-06,49.545,50.12,49.335,50.12,19639
2025-03-07,49.815,50.36,49.6,50.19,32263
2025-03-10,50.33,50.33,48.875,49.19,17285
2025-03-11,49.34,49.86,48.9,49.08,12134
2025-03-12,49.58,49.98,49.56,49.89,16597
2025-03-13,49.97,51.15,49.955,50.96,47458
2025-03-14,50.96,52.5,50.88,52.31,28609
2025-03-17,52.48,52.87,52.31,52.76,24585
2025-03-18,53.09,53.71,52.9,53.21,24870
2025-03-19,52.81,53.21,52.6,52.79,17436
2025-03-20,52.91,52.91,51.81,52.3,20227
2025-03-21,52.17,52.23,51.31,51.76,10051
2025-03-24,52.14,52.62,52.02,52.48,6235
2025-03-25,52.77,53.35,52.45,53.18,17196
2025-03-26,53.33,53.33,52.34,52.59,43985
2025-03-27,52.25,53.05,52.01,52.72,9583
2025-03-28,52.45,52.71,52.09,52.26,5077
2025-03-31,51.73,51.73,50.63,51.07,25532
2025-04-01,51.22,52.21,51.22,51.93,10449
2025-04-02,52.19,52.2,51.59,52.14,19315
2025-04-03,51.16,51.47,50.03,50.09,46282
2025-04-04,49.785,49.785,46.75,46.91,76342
2025-04-07,44.095,47.025,43.63,46.265,103240
2025-04-08,46.87,47.98,46.265,47.61,32303
2025-04-09,47.05,47.5,45.92,46.3,18407
2025-04-10,48.76,49.64,47.89,48.6,55111
2025-04-11,48.605,49.18,47.675,47.925,23992
2025-04-14,48.975,49.52,48.78,49.52,41114
2025-04-15,49.91,50.51,49.3,49.74,20353
2025-04-16,49.575,50.27,49.31,49.705,9826
2025-04-17,49.955,50.74,49.955,50.24,15933
2025-04-22,50.81,51.44,50.6,51.44,13701
2025-04-23,51.7,53,51.68,52.95,22740
2025-04-24,52.37,53.33,52.24,53.28,11527
2025-04-25,53.41,53.7,53.04,53.21,24269
2025-04-28,53.48,53.79,52,53.43,27080
2025-04-29,53.77,54.12,53.36,53.45,12001
2025-04-30,53.5,53.66,51.96,52.15,21353
2025-05-02,52.72,53.54,52.64,53.54,11975
2025-05-05,53.24,53.27,52.62,53,14774
2025-05-06,52.63,52.63,51.45,52.08,28224
2025-05-07,52.23,52.95,52.2,52.81,10243
2025-05-08,52.95,53.55,52.7,53.2,8973
2025-05-09,53.57,54.66,53.41,54.6,21629
2025-05-12,55.5,56,54.42,54.73,43695
2025-05-13,54.55,55.03,54.31,55,10170
2025-05-14,55.21,55.34,54.36,54.61,11472
2025-05-15,54.39,54.57,53.91,54.39,14422
2025-05-16,54.61,55.4,53.85,54.24,7046
2025-05-19,53.68,53.88,52.64,53.8,24067
2025-05-20,54.36,54.38,53.8,53.97,6430
2025-05-21,53.77,53.77,53.02,53.26,5020
2025-05-22,53.31,53.31,52.6,52.86,7339
2025-05-23,53.25,53.32,51.21,52.4,19481
2025-05-26,53.3,54,53.2,53.88,10161
2025-05-27,54.04,54.44,53.57,54.3,10778
2025-05-28,54.45,54.87,54.29,54.87,9966
2025-05-29,55.1,55.1,53.66,53.76,10092
2025-05-30,53.41,53.49,52.82,53.49,11420
2025-06-02,52.06,53.26,52.05,53.17,27247
2025-06-03,53.41,53.41,52,52.7,9029
2025-06-04,53.24,53.59,52.79,53.48,12426
2025-06-05,53.38,53.7,52.58,52.8,11053
2025-06-06,52.2,52.2,51.3,52.13,18651
2025-06-09,52.55,52.91,51.99,52.78,9429
2025-06-10,52.96,54.32,52.78,53.97,14357
2025-06-11,53.84,53.85,53.12,53.69,5870
2025-06-12,53.43,54,52.6,53.28,9500
2025-06-13,52.63,52.81,52.04,52.3,8408
2025-06-16,52.55,52.99,52.33,52.5,5697
2025-06-17,52.36,52.81,51.77,52.76,5426
2025-06-18,52.55,52.8,52.2,52.74,6549
2025-06-20,52.72,52.9,52.43,52.78,6231
2025-06-23,52.52,52.64,51.89,52,7547
2025-06-24,52.78,53.4,52.7,53.4,13621
2025-06-25,53.34,53.43,53.01,53.26,5025
2025-06-26,53.56,54.48,53.51,54.37,9221
2025-06-27,54.41,54.6,54.2,54.55,10089
2025-06-30,55,55.38,54.71,55.12,11647
2025-07-01,55.19,55.42,54.7,54.75,14052
2025-07-02,54.96,55.13,54.63,55.01,7378
2025-07-03,55.61,56.11,55.51,56.01,9388
2025-07-04,55.85,55.86,55.15,55.5,11581
2025-07-07,55.3,55.66,55.12,55.52,21218
2025-07-08,55.84,56.06,55.65,55.96,5675
2025-07-09,56.11,56.3,55.67,56.22,28917
2025-07-10,56.22,56.45,55.2,55.26,8109
2025-07-11,55.53,55.54,55.03,55.44,7352
2025-07-14,55.39,55.88,55.2,55.88,9386
2025-07-15,56.07,56.42,55.49,55.64,5703
2025-07-16,55.64,55.86,55.24,55.66,7255
2025-07-17,55.72,56.39,55.43,56.28,6369
2025-07-18,57.1,57.74,57.1,57.46,14335
2025-07-21,57.62,57.62,56.84,57.18,9298
2025-07-22,57.02,57.02,56.52,56.77,7421
2025-07-23,57.02,57.6,56.84,57.05,13309
2025-07-24,57.43,57.59,57.03,57.53,9787
2025-07-25,57.24,57.42,56.96,57.42,7028
2025-07-28,57.67,57.8,56.21,56.33,14957
2025-07-29,56.58,57.36,56.22,57.19,7482
2025-07-30,57.1,57.79,56.94,57.79,6517
2025-07-31,57.8,57.94,57,57.22,14846
2025-08-01,56.5,56.69,55.54,55.85,22852
2025-08-04,55.78,56.4,55.54,56.4,9939
2025-08-05,56.89,56.93,55.9,56.1,8454
2025-08-06,56.3,57.42,56.23,57.42,14335
2025-08-07,57.52,58.9,57.22,58.45,33484
2025-08-08,58.44,59.34,57.9,59.17,14940
2025-08-11,59.39,59.43,58.57,58.63,12236
2025-08-12,58.99,59.2,58.58,59.01,11033
2025-08-13,59.69,59.8,58.75,59.19,9782
2025-08-14,58.74,58.74,57.5,58.26,19149
2025-08-18,58.05,58.6,57.74,58.5,12879
2025-08-19,58.98,59.49,58.25,59.1,11015
2025-08-20,58.51,59.25,58.43,58.97,9988
2025-08-21,58.97,59.8,58.79,59.72,16027
2025-08-22,58.13,58.34,56.8,57.02,39580
2025-08-25,57.15,57.78,57.13,57.45,14011
2025-08-26,57.18,57.72,56.62,57.54,12179
2025-08-27,57.81,57.87,56.33,56.54,14661
2025-08-28,56.8,57.01,55.91,55.91,14108
2025-08-29,55.91,56.1,55.09,55.28,19482
2025-09-01,55.53,55.92,54.24,54.76,28287
2025-09-02,54.96,55.01,53.84,54.82,21648
2025-09-03,55.14,55.59,54.82,55.06,17425
2025-09-04,54.83,55.95,54.61,55.89,20722
2025-09-05,56.1,56.5,55.44,55.44,16232
2025-09-08,56.07,56.63,56,56.61,23275
2025-09-09,56.5,56.56,55.88,55.94,17142
2025-09-10,55.63,55.88,54.59,55.56,26552
2025-09-11,55.88,56.61,55.56,56.43,9037
2025-09-12,56.78,56.78,56,56.06,10430
2025-09-15,56.65,56.7,56.12,56.62,12018
2025-09-16,56.6,56.6,55.65,55.77,12166
2025-09-17,55.89,55.94,55.4,55.66,7320
2025-09-18,55.8,55.98,55.43,55.51,12616
2025-09-19,55.51,55.6,55.25,55.39,11829
2025-09-22,55.69,55.69,54.81,55.3,13468
2025-09-23,55.7,55.98,55.54,55.7,10099
2025-09-24,55.51,56.31,55.21,56.17,9630
2025-09-25,56.02,56.02,55.41,55.65,10109
2025-09-26,55.45,56.39,55.45,56.39,13885
2025-09-29,56.62,56.62,56.03,56.33,9998
2025-09-30,56.19,56.31,55.72,56.16,6675
2025-10-01,56.12,56.85,55.91,56.69,7827
2025-10-02,57.04,57.75,56.84,56.97,28267
2025-10-03,57.48,57.5,56.5,56.95,11105
2025-10-06,57.15,57.25,56.41,56.61,14199
2025-10-07,56.78,57.28,56.26,57.05,9530
2025-10-08,56.92,57.49,56.72,57.23,16561
2025-10-09,57.47,57.64,57.09,57.22,9519
2025-10-10,57.29,57.48,56.68,57.22,6914
2025-10-13,56.53,57.35,56.49,57.23,18892
2025-10-14,56.62,56.74,55.87,56.61,12910
2025-10-15,57.07,57.8,56.93,57.8,14567
2025-10-16,57.86,57.92,57.33,57.55,7303
2025-10-17,56.99,57.32,56.1,57.16,13381
2025-10-20,57.65,58.15,57.65,58.05,10371
2025-10-21,58.35,58.44,57.79,58.02,6615
2025-10-22,58.25,59.13,58,59.13,11443
2025-10-23,59.18,59.55,58.72,59.4,23916
2025-10-24,59.46,59.74,59.17,59.33,6204
2025-10-27,59.94,59.95,59.17,59.32,15693
2025-10-28,59.5,60.66,59.4,60.52,31779
2025-10-29,60.57,60.96,60.01,60.46,13946
2025-10-30,60.56,60.63,59.97,60.27,10573
2025-10-31,60.43,60.44,59.43,59.44,17933
2025-11-03,60,60.17,59.65,59.8,17355
2025-11-04,59.45,59.48,58.97,59.31,17066
2025-11-05,59.15,59.54,58.83,59.24,8557
2025-11-06,59.53,60.55,59.45,59.78,13623
2025-11-07,59.98,60,58.81,59.11,10989
2025-11-10,60,60.33,59.7,60.02,10237
2025-11-12,60.64,60.85,60.05,60.16,18303
2025-11-13,60.43,61.06,60,60.01,13827
2025-11-14,59.41,59.67,58.9,59.49,16304
2025-11-17,59.74,59.85,58.65,58.81,31606
2025-11-18,58.26,58.3,57.41,57.76,24329
2025-11-19,58,59,57.61,58.82,11650
2025-11-20,59.73,59.74,58.6,58.9,17592
2025-11-21,57.59,58.32,57.4,58.11,21523
2025-11-24,58.36,58.53,57.53,58.17,11737
2025-11-25,58.79,59.28,58.2,59,19092
2025-11-26,59.37,59.74,58.91,59.74,9729
2025-11-27,59.71,59.85,59.4,59.52,10219
2025-11-28,59.2,59.85,59,59.71,8519
2025-12-01,59.72,60.15,59.54,59.83,86229
2025-12-02,59.44,59.48,58.82,59.01,19140
2025-12-03,59.24,59.3,58.47,58.56,12418
2025-12-04,59.11,59.12,58.6,58.87,6497
2025-12-05,59.13,59.6,58.57,58.7,7459
2025-12-08,58.98,59.8,58.7,58.76,8976
2025-12-09,58.89,59.86,58.58,59.82,9086
2025-12-10,59.88,60.19,59.56,60.13,13817
2025-12-11,60.1,61,59.8,60.93,31275
2025-12-12,60.98,61.71,60.98,61.33,24778
2025-12-15,61.52,62.62,61.14,62.48,48253
2025-12-16,62.09,62.18,61.56,61.81,22071
2025-12-17,61.96,62.11,61.5,61.78,17200
2025-12-18,61.63,62,61.2,62,16293
2025-12-19,62.07,62.8,62.04,62.6,17765
2025-12-22,62.77,63.3,62.7,63.12,39998
2025-12-23,63.3,63.4,62.5,62.62,20562
2025-12-29,63.01,63.03,62.62,62.94,36561
2025-12-30,63.41,63.78,63,63.32,53519
